{
  "w": [
    -0.9337795338922042,
    -0.33808933853966383,
    1.9620256326069223,
    -1.0630576058148418,
    1.070833334642793
  ],
  "bias": 0.12206680129416654,
  "means": [
    0.04720107988550612,
    0.13114754098360656,
    0.36065573770491804,
    0.12377049180327869,
    0.08196721311475409
  ],
  "stds": [
    0.09013947837427602,
    0.3375616439667869,
    0.48019077101235447,
    0.2231676862326772,
    0.27431476279805755
  ],
  "_meta": {
    "features": [
      "tfidf_relevance",
      "domain_match",
      "is_known_distraction",
      "keyword_overlap",
      "domain_in_task"
    ],
    "n_train": 61,
    "test_accuracy": 0.9375,
    "test_f1": 0.9412,
    "threshold": 0.45
  }
}